D023.bin.1	11
D023.bin.10	11
D023.bin.11	11
D023.bin.12	11
D023.bin.13	11
D023.bin.14	11
D023.bin.15	11
D023.bin.16	11
D023.bin.17	11
D023.bin.18	11
D023.bin.19	11
D023.bin.2	11
D023.bin.20	11
D023.bin.21	11
D023.bin.22	11
D023.bin.23	11
D023.bin.24	11
D023.bin.25	11
D023.bin.26	11
D023.bin.27	11
D023.bin.28	11
D023.bin.29	11
D023.bin.3	11
D023.bin.30	11
D023.bin.31	11
D023.bin.32	11
D023.bin.33	11
D023.bin.34	11
D023.bin.35	11
D023.bin.36	11
D023.bin.37	11
D023.bin.38	11
D023.bin.39	11
D023.bin.4	11
D023.bin.40	11
D023.bin.41	11
D023.bin.42	11
D023.bin.43	11
D023.bin.44	11
D023.bin.45	11
D023.bin.46	11
D023.bin.47	11
D023.bin.48	11
D023.bin.49	11
D023.bin.5	11
D023.bin.50	11
D023.bin.51	11
D023.bin.52	11
D023.bin.53	11
D023.bin.54	11
D023.bin.55	11
D023.bin.56	11
D023.bin.57	11
D023.bin.58	11
D023.bin.59	11
D023.bin.6	11
D023.bin.7	11
D023.bin.8	11
D023.bin.9	11
D093.bin.1	11
D093.bin.10	11
D093.bin.11	11
D093.bin.12	11
D093.bin.13	11
D093.bin.14	11
D093.bin.15	11
D093.bin.16	11
D093.bin.17	11
D093.bin.18	11
D093.bin.19	11
D093.bin.2	11
D093.bin.20	11
D093.bin.21	11
D093.bin.22	11
D093.bin.23	11
D093.bin.24	11
D093.bin.25	11
D093.bin.26	11
D093.bin.27	11
D093.bin.28	11
D093.bin.3	11
D093.bin.4	11
D093.bin.5	11
D093.bin.6	11
D093.bin.7	11
D093.bin.8	11
D093.bin.9	11
LB021.bin.1	11
LB021.bin.10	11
LB021.bin.11	11
LB021.bin.12	11
LB021.bin.13	11
LB021.bin.14	11
LB021.bin.15	11
LB021.bin.16	11
LB021.bin.17	11
LB021.bin.18	11
LB021.bin.19	11
LB021.bin.2	11
LB021.bin.20	11
LB021.bin.21	11
LB021.bin.22	11
LB021.bin.23	11
LB021.bin.24	11
LB021.bin.25	11
LB021.bin.26	11
LB021.bin.27	11
LB021.bin.28	11
LB021.bin.3	11
LB021.bin.4	11
LB021.bin.5	11
LB021.bin.6	11
LB021.bin.7	11
LB021.bin.8	11
LB021.bin.9	11
LB081.bin.1	11
LB081.bin.10	11
LB081.bin.11	11
LB081.bin.12	11
LB081.bin.13	11
LB081.bin.14	11
LB081.bin.15	11
LB081.bin.16	11
LB081.bin.17	11
LB081.bin.18	11
LB081.bin.19	11
LB081.bin.2	11
LB081.bin.20	11
LB081.bin.21	11
LB081.bin.22	11
LB081.bin.23	11
LB081.bin.24	11
LB081.bin.25	11
LB081.bin.26	11
LB081.bin.27	11
LB081.bin.28	11
LB081.bin.29	11
LB081.bin.3	11
LB081.bin.30	11
LB081.bin.31	11
LB081.bin.32	11
LB081.bin.33	11
LB081.bin.34	11
LB081.bin.35	11
LB081.bin.36	11
LB081.bin.37	11
LB081.bin.38	11
LB081.bin.39	11
LB081.bin.4	11
LB081.bin.40	11
LB081.bin.41	11
LB081.bin.42	11
LB081.bin.43	11
LB081.bin.44	11
LB081.bin.45	11
LB081.bin.46	11
LB081.bin.47	11
LB081.bin.48	11
LB081.bin.49	11
LB081.bin.5	11
LB081.bin.50	11
LB081.bin.51	11
LB081.bin.52	11
LB081.bin.53	11
LB081.bin.54	11
LB081.bin.55	11
LB081.bin.56	11
LB081.bin.57	11
LB081.bin.58	11
LB081.bin.59	11
LB081.bin.6	11
LB081.bin.60	11
LB081.bin.61	11
LB081.bin.7	11
LB081.bin.8	11
LB081.bin.9	11
